keys,values
정부,437
한국,428
아베,329
제품,210
문제,163
기업,153
서울,130
유니클로,124
비판,121
시민들,111
정권,105
경제,95
기사,95
국민,93
규탄,93
경제보복,92
회장,92
강제징용,91
피해자,88
일본제품,84
대통령,82
영향,82
수출,81
수출규제,81
역사,81
시위,80
오후,79
운동,79
발언,69
자유한국당,69
국내,68
대구,68
조처,67
평화,66
미국,64
총리,64
관계,62
전쟁,62
주장,62
취소,62
매출,61
맥주,60
판결,59
대응,57
한겨레,57
‘일본,56
방송,56
노선,55
친일,55
기자회견,53
한국콜마,52
‘노,51
문재,51
상품,51
관계자,50
배상,50
사과,50
시작,50
감소,49
것”,49
관광객,49
지난해,49
지난달,48
지원,48
규제,47
대표,47
여행,47
일본대사관,47
청와대,47
브랜드,46
제공,46
보복,44
시민,44
종로구,44
중단,44
체제,44
뉴스,42
오전,42
의원,42
판매,42
한국의,42
일제,41
교수,40
사회,40
대상,39
요구,39
전국,39
확산,39
<한겨레>,38
부산,37
발표,36
보도,36
제외,36
내용,35
소녀상,34
청구권,34
강제동원,33
상황,33
윤,33
해결,33
광복절,32
누리집,32
설치,32
세력,32
대법원,31
소비자,31
한다”고,31
기간,30
이름,30
일부,30
나경원,29
수입,29
시민단체,29
일본군,29
조치,29
대비,28
식민지배,28
원내대표,28
일본산,28
점포,28
참석,28
철회,28
촉구,28
티셔츠,28
필요,28
가운데,27
매장,27
피해자들,27
행동,27
공연,26
과거,26
반도체,26
세계,26
한국인,26
김일우,25
반대,25
여론,25
장관,25
재팬’,25
항의,25
화이트리스트,25
나라,24
대통령의,24
도올,24
삼성,24
수요,24
의미,24
제목,24
중구,24
침략,24
품목,24
학생들,24
화장품,24
결정,23
비난,23
소개,23
있다”고,23
중구청,23
편의점,23
황교안,23
경제전쟁,22
우리나라,22
이유,22
국가,21
대전,21
분석,21
사태,21
시장,21
식민지,21
신규,21
영상,21
온라인,21
위안부,21
이야기,21
인정,21
일본인,21
일제강점기,21
질문,21
철학,21
광고,20
구매,20
금지,20
노동자상,20
논란,20
배송,20
보수,20
수입액,20
양국,20
유튜브,20
전체,20
정치적,20
중요,20
집회,20
추진,20
트위터,20
2,19
거부,19
검토,19
결과,19
계획,19
국회,19
롯데,19
문구,19
배제,19
불교,19
신조,19
예정,19
자신,19
전시,19
정치,19
청산,19
프레임’,19
할머니,19
회의,19
동아시아,18
리얼미터,18
사용,18
선언,18
예약,18
응답,18
입장,18
조국,18
차원,18
한일,18
해법,18
효과,18
3,17
경영,17
공격,17
교민회,17
국민들,17
누리꾼들,17
법,17
보이콧,17
비중,17
사건,17
신문,17
인권,17
일본차,17
재팬,17
조사,17
주요,17
지역,17
펼침막,17
행사,17
행위,17
강화,16
경련,16
기득권,16
단체,16
롯데그룹,16
무엇,16
민족주의,16
민중당,16
수요시위,16
아이들,16
언론,16
영화,16
지방정부,16
지적,16
지혜,16
촛불,16
출연,16
폐업,16
협정,16
확대,16
갈무리,15
강조,15
경기,15
과거사,15
광영,15
목소리,15
무역보복,15
북쪽,15
사이트,15
선임기자,15
성노예,15
소,15
언소주,15
영국,15
의견,15
전략,15
중소기업,15
태극기,15
한일협정,15
현장,15
6,14
경제도발,14
경찰,14
광장,14
대기업,14
대화,14
동기,14
동참,14
사실,14
소재,14
여행사,14
올해,14
왜곡,14
위원장,14
종로3,14
중심,14
지분,14
측면,14
판단,14
홈플러스,14
가치,13
공급,13
기록,13
대출,13
대형마트,13
방안,13
보은군,13
북한,13
수준,13
자발적,13
제국주의,13
조례,13
증가,13
참석자들,13
출시,13
학교,13
한일관계,13
혐한,13
회원들,13
감소세,12
경제침략,12
공개,12
공유,12
기념,12
남북,12
다음달,12
발전,12
보수’,12
보은군수,12
부회장,12
생산,12
서양,12
설명,12
성노예제,12
소비자들,12
손팻말,12
시민사회단체,12
운영,12
위원,12
윤동한,12
이슈,12
장기,12
주민소환,12
진행,12
첫,12
하락,12
한글,12
행태,12
4,11
고객,11
김미경,11
무역분쟁,11
방문,11
분노,11
분단,11
사업,11
사장,11
사진,11
상환,11
성숙,11
성향,11
수출통제,11
신동빈,11
악화,11
안보,11
일본인들,11
일본총영사관,11
잔재,11
전년,11
지지율,11
체결,11
패스트리테일링,11
학생,11
한달,11
헌법,11
감소폭,10
강제노역,10
개혁,10
경북,10
계약,10
관련해,10
관점,10
교류,10
규탄대회,10
그걸,10
근로정신대,10
근본,10
기자,10
김봉규,10
김용옥,10
내곡동,10
담배,10
대책,10
대천점,10
더불어민주당,10
도발,10
동남아,10
디에이치씨,10
라이브,10
메이지유신,10
목표,10
민주노총,10
반야,10
반응,10
베트남,10
변호사,10
사퇴,10
앞산,10
업체,10
오프라,10
외국,10
이순신,10
일대,10
일본변호사연합회,10
일본영사관,10
자사,10
전범,10
전범기업,10
정상혁,10
정한론,10
채소,10
촛불문화제,10
촛불집회,10
타격,10
태원예능,10
퇴행,10
페이크버진,10
피해,10
한반,10
핵심,10
허가,10
현수막,10
회사,10
회원,10
7,9
개인,9
군국주의,9
권리,9
기업들,9
독,9
동성,9
모습,9
문화,9
문화제,9
백소아,9
부산시당,9
선거,9
소속,9
스티커,9
시너지,9
업무방해,9
연대,9
외교부,9
우쓰노미야,9
이미지,9
일본행,9
자금,9
정신,9
제정,9
주제,9
주한일본대사관,9
직소싱,9
집계,9
차별,9
참가자들,9
충북,9
친구,9
콘텐츠,9
투쟁,9
퍼포먼스,9
프랑스,9
프레임,9
프로그램,9
하반기,9
한편,9
74주년,8
‘위안부’,8
강제징용노동자상,8
개발,8
개봉,8
게시판,8
공공구매,8
광덕고,8
국민청원,8
규모,8
근대화,8
금리,8
끝,8
낮,8
논설위원,8
단위,8
달성,8
도민,8
도쿄,8
독일,8
동구,8
먹거리,8
명동·청계천,8
명예교수,8
무급휴가,8
무역,8
민주당,8
박종식,8
반면,8
보존,8
분위기,8
빨갱이,8
서초구,8
성명,8
셸,8
소장,8
시행,8
식당,8
식품,8
신용카드,8
아시아,8
아티스트,8
양명학,8
여성,8
예상,8
우려,8
원주시,8
유명,8
이익,8
인간,8
인천시,8
일본노선,8
임대료,8
전주,8
정기,8
정보,8
제안,8
조중동,8
존엄,8
종교,8
종합기술원,8
주가,8
주최,8
중장기,8
지명,8
직원회의,8
차관,8
최서윤,8
취업,8
통화,8
트럼프,8
한·,8
한국당,8
한국중소상인자영업자총연합회,8
합동위령제,8
100주년,7
2%포인트,7
가능,7
가능성,7
강경화,7
겐지,7
결제액,7
경쟁력,7
경제적,7
과정,7
관객,7
관세청,7
교가,7
교사,7
국외,7
궁금,7
그린피스,7
남구,7
노동자,7
달서구,7
대전시청,7
대표적,7
대한민국,7
댓글,7
둔산동,7
등장,7
라파엘,7
만덕고,7
망언,7
메시지,7
목록,7
문명,7
미,7
민간,7
반성,7
번역,7
보상,7
사과문,7
사랑,7
선생,7
성불산,7
수출액,7
시간,7
시민사회,7
얼룩소,7
업종별,7
엠즈베버리지,7
여당,7
영사관,7
운항,7
유예,7
유통업체,7
이념,7
이해,7
인기,7
인사,7
입장문,7
자리,7
자회사,7
재배,7
저녁,7
전개,7
전국1팀,7
점유율,7
정의,7
조례안,7
조합원,7
주문,7
주민,7
준비,7
중고차,7
중앙일보,7
진단,7
진민정,7
청구권협정,7
체험학습,7
초량동,7
출신,7
커뮤니티,7
코피,7
코피노,7
택배노동자들,7
투표,7
페스티벌,7
포함,7
학문,7
해시태그,7
협력,7
활용,7
회담,7
1인시위,6
4000만명,6
<한겨레,6
‘레인보우’,6
‘빨갱,6
‘송채경화,6
‘피스,6
“할머니들,6
가격,6
강병원,6
강의,6
강창광,6
계열사,6
고노,6
고통,6
곳곳,6
공감,6
공동대응,6
공무원,6
관광객들,6
국립외교원장,6
국산화,6
권태,6
금융지원,6
기업’,6
기자간담회,6
긴급,6
김정효,6
김제선,6
나가미네,6
내부,6
다양,6
대국민사과,6
독립,6
독자들,6
디에이치시,6
레인보우’,6
마케팅,6
막말,6
매출액,6
미·중,6
민족,6
믿음,6
반민특위,6
반발,6
방공호,6
방식,6
방영,6
보수층,6
사람들,6
사죄·배상,6
사회관계망서비스,6
산업,6
상임대표,6
상태,6
선포,6
세계사적,6
소련,6
소비,6
소비자운동,6
소재·부품,6
송인걸,6
수입차,6
시대착오적,6
시민모,6
시민모임,6
양,6
여객선,6
역사적,6
연장,6
예약자,6
외교,6
외교장관,6
위협,6
육성,6
윤덕민,6
윤증현,6
이달,6
인천,6
인천지역,6
인터뷰,6
일본기업,6
임시정부,6
잎담배,6
자료,6
자영업자,6
작가,6
전년동기,6
전담,6
절차,6
제1399차,6
종,6
주화파들,6
중구청장,6
지유,6
참가,6
채택,6
청소년,6
추이,6
취지,6
컴퓨터,6
코너,6
택배노동자,6
특정,6
파장,6
판매중단,6
팻말,6
플래카드,6
할머니들,6
항공사들,6
헤이트스피치,6
현지,6
호소,6
화웨이,6
0,5
7월22,5
‘삿포로’,5
‘일본가,5
“아베,5
“정부,5
개점,5
개최,5
것”이라,5
결의,5
결의안,5
경제동우회,5
경찰직원협의회,5
계기,5
공대위,5
공부,5
광복,5
구체적,5
국면,5
국제,5
기념사업,5
기존,5
기준,5
김경호,5
냉전,5
노조,5
동아일보,5
동요,5
로고,5
릴레이,5
마리,5
마이클,5
마지막,5
만료,5
무대,5
무역전쟁,5
물류센터,5
미래,5
민들레,5
민주주의,5
민주화,5
밤,5
방사능,5
방해,5
방향,5
볼펜,5
북도당,5
비슷,5
사법부,5
상승,5
새달,5
선택,5
세계대전,5
소상공,5
소송,5
소수자들,5
수십명,5
수학여행,5
시민사회단체들,5
시점’,5
신규취항,5
실현,5
아베규탄,5
아베정권,5
아이,5
앤,5
없다”고,5
에어서울,5
에프아르엘코리아,5
여론조사,5
여인숙’,5
연상,5
연속,5
연예,5
예술,5
옛일본대사관터,5
오윤주,5
왜관,5
왜관역,5
외교적,5
우대국,5
욱일기,5
위력,5
유럽,5
유통,5
을들,5
의원들,5
의지,5
인스타그램,5
인터넷,5
일본식,5
임원,5
있다”며,5
자유,5
작물,5
장수,5
재배면적,5
재벌,5
잭슨,5
저항,5
전달,5
정리,5
정보교류,5
정파,5
제막식,5
제조,5
제한,5
주말,5
주목,5
진열,5
찬성,5
채인후,5
처음,5
청년,5
초월,5
추천,5
축소,5
축제,5
출입금지’,5
취항,5
카드,5
카드사,5
탈퇴,5
통계,5
통신,5
파시스트,5
패널,5
페이스북,5
표현,5
하락세,5
한국방송,5
한국인들,5
한자어,5
합의,5
헌팅턴,5
혐오,5
홍보,5
회복,5
휴가,5
희망연대,5
-38,4
-42,4
13.,4
13.8,4
13개국,4
24시팀,4
2채널,4
5억불,4
6%포인트,4
8.15,4
<한겨레>와,4
‘2020년,4
‘네거티브,4
‘방공호’,4
‘불매운동,4
‘아름다운,4
‘안진걸,4
‘칭찬합시다’,4
‘평화바람,4
’,4
“근로정신대,4
“일본은,4
“일본정부,4
“저,4
ㄴ씨,4
가수,4
간소화,4
감정,4
개정,4
거주,4
건립,4
결합,4
경고,4
경기도의회,4
경남도청,4
경험,4
고개,4
고립,4
고수,4
공간,4
공급망,4
공동,4
공무원노조,4
공식,4
공심채,4
공원,4
공인중개사,4
광주,4
광화문,4
괴물,4
교육계,4
국익,4
국정,4
국회의원,4
군산,4
균형,4
그대들,4
기능,4
기초지방자치단체장들,4
기초한,4
기회,4
기획재정부,4
김미,4
김민제,4
낚시용품,4
내기소,4
네티즌,4
노정현,4
농성,4
단결,4
단체장,4
달성’,4
담벼락,4
대강당,4
대사,4
대외,4
대일본,4
대전시민,4
대전역,4
대전지역,4
대체재,4
도교육청,4
도모,4
도쿄올림픽,4
독립선언서,4
동의,4
동학혁명연구소장,4
뚜렷,4
류씨,4
마케팅’,4
만화,4
말씀,4
몇명,4
무역수지,4
문석진,4
문화재’,4
문화제’,4
반복,4
발생,4
배송거부,4
배우,4
백색국,4
범도민위원회,4
변화,4
부문,4
부정적,4
부활,4
북지부장,4
분열,4
분쟁,4
불매’,4
브리핑룸,4
비롯,4
비용,4
비유,4
빌미,4
사과’,4
사설,4
사장단회의,4
사회단체,4
산업계,4
살균제,4
삶,4
상담,4
서광장,4
서대문구청장,4
서비스연맹,4
서양철학,4
서양호,4
석유화학,4
성격,4
세마리,4
소녀상’,4
소매점,4
소영,4
소작료,4
손님,4
손실,4
송상현,4
수업,4
수원시장,4
수입금액,4
수입맥주,4
수출심사,4
순화씨,4
스페셜,4
시나리오,4
시내,4
시민단체들,4
시점,4
시청,4
시흥시,4
신뢰,4
신선식품,4
실물경제,4
실천,4
실패,4
쓰레기,4
아버지,4
아베’,4
아사히,4
아열대,4
아티스트들,4
안진걸,4
약화,4
양심,4
어선,4
업무방해죄,4
에반게리온,4
여객,4
여파,4
역대,4
역량,4
역풍,4
역할,4
연필,4
연합’,4
열두척,4
열린편집위원회,4
염태영,4
영덕,4
영월군,4
영유권,4
오사카,4
오염,4
와중,4
완성도,4
왜관읍,4
요리,4
우대,4
우리은행,4
유동성,4
유산,4
육아,4
응답자,4
의회,4
이곳,4
이벤트,4
이윤영,4
익산,4
인력,4
인증사진,4
인증샷,4
인천국제공항,4
인천행동’,4
일본콜마,4
임대,4
임일순,4
잉크,4
자극,4
자유발언,4
자치법규,4
재단,4
재판,4
전국적,4
전국택배노동조합,4
전면,4
전액,4
정계,4
정민영,4
정상화,4
정상회담,4
정신적,4
정책,4
정체성,4
정치팀,4
조,4
조례안’,4
조사(신뢰,4
조선인,4
조성,4
조합원들,4
조회,4
종료,4
주민들,4
중국철학사,4
증거,4
지정,4
진정한,4
집권,4
집배원,4
집중,4
집중관리,4
차량,4
청년들,4
청소년교육의회,4
청소년들,4
청원,4
최선목,4
최선영,4
최악,4
최저임금,4
추구,4
취업박람회,4
칼럼,4
콘서트,4
쿠팡,4
탑텐,4
탱고,4
토론회,4
특별법,4
특별위원회,4
틈,4
파악,4
판결문,4
판매량,4
평소,4
평화바람,4
평화헌법,4
표본오차,4
풀이,4
풀필먼트,4
프레스센터,4
피해기업,4
필기감,4
학교도서관,4
한일군사정보보호협정,4
해명문,4
행정안전부,4
허용,4
현안,4
혐의,4
협상,4
홀리데이랜드,4
화이트리스트(전략물자,4
화해,4
휴,4
희망,4
희생자,4
10개국,3
13.6,3
1㎞,3
2·28기념중앙공원,3
2분기,3
3.,3
3개월,3
51.,3
6학년,3
7월5,3
8,3
9개월,3
‘#좋아요_한국’,3
‘NO,3
‘내(일),3
‘역사왜곡,3
‘올해,3
‘한-,3
“〈조선일보〉,3
“문,3
“불매운동,3
“아직,3
“주최,3
△협정,3
가맹점,3
가습기,3
가입,3
각서,3
감정적,3
강원,3
개정안,3
검사,3
검색,3
게시물,3
게양,3
격차,3
결,3
결론,3
경남도의회,3
경남지방경찰청,3
경제갈등,3
경제침탈,3
계산,3
고민,3
고용노동부,3
공공기관,3
공동체,3
공동행동,3
공책,3
과일,3
광고주,3
광복회,3
교육,3
교체,3
교학,3
교환,3
구독중지,3
구월동,3
구입,3
구직자들,3
구호,3
국무회의,3
국민주권실현,3
국산,3
국제법,3
국제사회,3
권유,3
그름,3
극장판,3
글로벌,3
글쓴이,3
금강회초밥,3
금융당국,3
금융애,3
급감한,3
기술,3
기억,3
기자들,3
기저귀,3
김명진,3
김정,3
나흘,3
내(일),3
냉전체제,3
냉정,3
넷째주,3
노동신문,3
노출,3
농산물,3
누리꾼,3
눈길,3
단계,3
당,3
당국,3
당부,3
당연,3
대전운동본부,3
대표간사,3
대학생들,3
동네,3
동학농민혁명,3
두마리,3
디에이치시코리아,3
라시드(32),3
라템,3
런던,3
롯데지주,3
리더,3
마이크,3
만년필,3
맛,3
망언들,3
매체,3
메인뉴스,3
모국,3
모나미,3
무릎,3
무성의,3
무인양품,3
문학,3
물류,3
물의,3
민정수석,3
민주시민,3
민주항쟁,3
바디프랜드,3
바란다”고,3
발의,3
발효,3
방관,3
방법,3
방침,3
배척,3
백색국가,3
범국민,3
범시민,3
범죄,3
법인,3
변경,3
보드,3
보복적,3
보은,3
부문별,3
부평공원,3
부평구,3
북지역,3
분할상환,3
불법행위,3
불참,3
브리핑,3
브이로그형,3
사거리,3
사내이사,3
사용액,3
사이버,3
사쿠라,3
상승세,3
상인들,3
상정,3
새벽배송,3
샌프란시스코,3
샤프펜슬,3
서비스,3
서양학생들,3
서울시,3
선임연구위원,3
설빙,3
성장,3
성찰,3
세븐일레븐,3
세월호,3
세종시,3
소개합니다’(내기소)에서,3
소리,3
소리박물관,3
소멸,3
소재·부품·장비,3
소형기,3
손해배상,3
송파,3
쇼핑,3
수립,3
수성,3
수속,3
수수료,3
수의계약,3
수행,3
숙박업소,3
시각,3
시게미쓰,3
시계,3
시도,3
시의회,3
시중은행,3
시흥지역,3
식민,3
신부,3
신협,3
아일랜드,3
아카리,3
악행,3
애국,3
애니메이션,3
야외무대,3
어려움,3
억지,3
엄마,3
에스피,3
여름휴가,3
여의,3
여인숙,3
여행상품,3
연관성,3
연주자,3
연휴,3
영어,3
영화제,3
예술의전당,3
옛도,3
올리브영,3
외무상,3
외부,3
요양원,3
운영진,3
울릉,3
원인,3
원주시사회단체협의회,3
월명동,3
위반,3
위치,3
유럽연합,3
유성,3
윤동주,3
은행,3
은행권,3
음식,3
음악팬들,3
의도,3
의류,3
의류브랜드,3
의사,3
의식,3
의원회관,3
이것,3
이민,3
이사,3
이씨,3
이주민들,3
이흥렬,3
일본대사,3
일본어판,3
일선,3
일장기,3
일정,3
일제강제동원피해자지원재단,3
임시회,3
자국,3
자녀들,3
자영업자들,3
자초,3
작곡,3
장비,3
장소,3
장애,3
적극적,3
적자,3
적폐청산,3
전국역사교사모임,3
전국택배연대노동조합,3
전략물자,3
전세계,3
점검,3
정범래씨,3
정상회의,3
정책금융기관,3
정치권,3
제5차,3
조롱,3
조선,3
조세영,3
주자학,3
주재,3
주전장,3
주화파,3
중기중앙회,3
지방발,3
지소미아,3
지원책,3
지하철,3
직원,3
진동,3
질서,3
차단,3
참의원,3
챌린지’,3
천,3
철학사,3
청사,3
청소년공동체,3
청진기,3
초등학교,3
초등학생,3
촛불집회’,3
총수,3
최고치,3
추도사,3
춘천시청,3
출신들,3
출입,3
출입금지’라,3
취소율,3
칠곡군,3
침체,3
카운터,3
키워드,3
탑승,3
태도,3
택배,3
택배차량,3
테레비’,3
토종,3
통보,3
퇴진,3
팀,3
편성,3
평균,3
평화위협,3
포기,3
포항,3
폭주,3
표지석,3
풍남문광장,3
프리랜서,3
한겨레신문사,3
한계,3
한국민예총,3
한국어,3
한국전쟁,3
한산한,3
한탄,3
항공권,3
항공업계,3
해당,3
행진,3
현실,3
현실적,3
협동,3
호텔롯데,3
혼다,3
홀로그램,3
화섬노조,3
화장품·의약품,3
활동가들,3
회장단,3
휴게소,3
｜,3
#26,2
#좋아요_일본,2
#좋아요_한국,2
-19.,2
0.,2
1%였다,2
1.,2
1·2·3층,2
1조원,2
1차관,2
1학년,2
2.,2
2019.,2
207평’,2
25.,2
29.,2
2시간,2
2호점,2
3·1운동·대한민국,2
4.,2
4.2,2
40.,2
42.,2
5,2
56만1700명,2
7%포인트,2
7.,2
7월16,2
7월18,2
8.,2
8개월,2
8시30분까지,2
8월2일까지,2
9,2
<한국방송>(KBS),2
SNS글6,2
[토요판],2
bong9@hani.,2
‘,2
‘4900원,2
‘경제,2
‘경제전쟁’,2
‘광복,2
‘구한말,2
‘국정농단’,2
‘규동’,2
‘기자,2
‘기해반정’,2
‘기해왜란’,2
‘네일동’,2
‘노노재팬’,2
‘뉴스9’,2
‘뉴스룸톡’에서,2
‘대통령,2
‘디에이치시텔레비전’,2
‘뚝’,2
‘로보트,2
‘리얼모찌롤’,2
‘반미쳐,2
‘발판,2
‘불매운동’,2
‘살찐,2
‘생존’,2
‘서울,2
‘수출규제,2
‘수출규제’,2
‘앞산’,2
‘애국,2
‘언론,2
‘에비스’,2
‘역사,2
‘영혼없,2
‘일본’,2
‘일본여행,2
‘일본제품,2
"‘임대,",2
‘임대’,2
‘자존’,2
‘조국,2
‘좋,2
‘좋아요_한국’,2
‘죽창가’,2
‘처음처럼’,2
‘초저가’,2
‘칠곡군,2
‘토착왜구,2
‘평화,2
‘한국,2
"‘한일관계,",2
‘혐한’,2
“(일본,2
“개인,2
“계약,2
“공영방송,2
“끝까지,2
“노,2
“대체지,2
“더러운,2
“디에이치시코리아,2
“롯데,2
“머리,2
“반대,2
“빌리,2
“상응하,2
“서양,2
“선생님,2
"“선생님,",2
“쇼핑,2
“역사,2
“온라,2
“일본군,2
“일본인,2
“정치적,2
“제,2
“지난해,2
“지속,2
“추석,2
“친,2
“토종,2
“희화화,2
”　그,2
”라,2
〈TV조선〉,2
가구,2
가이드라인,2
가족,2
가족회의,2
가평,2
가호,2
각료회의(국무회의),2
각의,2
각의(한국,2
간다”,2
감사,2
감소율,2
강구,2
강력,2
강제징용자,2
강화조약,2
개념,2
거행,2
걱정,2
검색어,2
것’,2
것이다”고,2
게릴라,2
게임회사,2
겐고,2
견적,2
견제,2
결의문,2
결의했다”고,2
결정하자,2
결정한,2
결제,2
경기도,2
경기도교육청,2
경기전,2
경남도,2
경남도교육청,2
경남민예총,2
경남에서,2
경남이주민,2
경남이주민연대,2
경매,2
경제단체,2
경축사,2
경협자금,2
계정,2
고가,2
고교,2
고금리,2
고양이,2
고이즈미,2
고토,2
공개사과,2
공급량,2
공동대표,2
공무수행,2
공연계,2
공조,2
공평동,2
과거사관련업무지원단장,2
과분,2
관객들,2
관계자들,2
관광지,2
관리,2
관변,2
관심,2
광우병,2
광주비엔날레,2
광주지역,2
광화문광장,2
교,2
교목,2
교섭,2
교육감,2
교표,2
구간,2
구로구,2
구상,2
국권,2
국내선,2
국립일제강제동원역사관,2
국무위원장,2
국제선,2
국채보상운동,2
군,2
군민,2
군사동맹,2
군사정보보호협정(GSOMIA·지소미아),2
권고,2
권력,2
규범,2
규정,2
규칙,2
규탄대회’,2
규탄한다’,2
근대문화유산거리,2
근본적,2
글귀,2
금융사,2
긍정적,2
기린맥주,2
기말고사,2
기반,2
기본권,2
기부하기,2
기자·김영희,2
기자편,2
기자회견’,2
기초과학,2
김광수,2
"김동진,",2
"김성태,",2
김승환,2
김태완,2
김포~제주,2
꽃목걸이,2
나라”,2
나서달라,2
나치,2
난민,2
난치병,2
남대문시장,2
남동구,2
남북관계,2
남쪽,2
납입,2
내걸려…불매운동,2
내기소편,2
네트워크,2
네티즌들,2
네팔,2
넷째,2
노노재팬,2
노동당,2
노동시간,2
노력,2
노벨,2
노사광,2
노회찬,2
논리,2
논문,2
논설위원·송기호,2
농민,2
농민회,2
뉴스룸톡,2
닛산,2
다니엘,2
다수,2
다양한,2
다큐멘터리,2
단기적,2
담론,2
담배회사,2
답답,2
답변,2
당원,2
당원교육,2
대구대천점,2
대구시민들,2
대륙’,2
대만·동남아,2
대상국,2
대응책,2
대전방문,2
대전시,2
대전시당,2
대중문화,2
대체지로,2
대출금리,2
대표단,2
대표이사,2
대한항공,2
대형,2
대회’,2
데이터,2
도매업체,2
도시,2
도시락’,2
도움,2
도입,2
도제학교,2
도쿄·오사카·후쿠오카·센다,2
도쿄대,2
독립미술관,2
독립운동,2
독립운동가,2
독립유공자,2
독일차들,2
동경,2
동맹,2
동상,2
동성로,2
동성로중앙점,2
동양,2
동원,2
동학혁명연구소,2
두려움,2
두자릿수,2
드러나”중소상인,2
들머리,2
디에이치시(DHC),2
디자인,2
딜러들,2
땅,2
렉서스,2
"롯데,",2
롯데마트,2
롯데몰,2
롯데쇼핑,2
리스트,2
리포트,2
링크,2
마련,2
마미패드,2
마음,2
마찬가지,2
마트,2
마트·전통시장,2
마트·편의점·식자재,2
막론,2
만행,2
만화책,2
맘카페,2
망상,2
맞대응,2
매몰비용,2
맥주·사케,2
맹목적,2
메이지유,2
멤버,2
명예회장,2
명칭,2
목걸이,2
무궁화,2
무기,2
무료,2
무사,2
무산,2
문,2
문구인,2
문양,2
문의,2
문정현,2
문화공간,2
문화적,2
미국인들,2
미네소타주립대,2
미성년,2
미쓰비시중공업,2
민족주의’,2
민주,2
민주인권,2
민주평등사회,2
박수,2
박스,2
박씨,2
박임근,2
박정희,2
밖,2
반론,2
반박,2
반일감정,2
반팔,2
발굴,2
발색,2
발전소,2
발행인,2
밥상,2
방위산업,2
방정식’적,2
방탄소년단,2
배상금,2
배포,2
백화점,2
범국민적,2
법률안,2
법원,2
베이징행동강령,2
별헤,2
보국안민,2
보복성,2
보인다”고,2
보장,2
보편적,2
복장,2
복지,2
본격화한,2
본국,2
본다”고,2
부당한,2
부당함,2
부모,2
부산시,2
부산여성소비자연합,2
부위원장,2
부재,2
부재지주,2
부족함…물러나겠다”윤동한,2
부진,2
부착,2
부총리,2
북도교육감,2
북핵,2
분야,2
분향,2
분화,2
불매,2
불매하,2
불매할,2
불안,2
불쾌,2
불행,2
브란트,2
비율,2
비판-여혐,2
빅카메라,2
사과드린다”,2
사다모토,2
사디크,2
사망,2
사무국장,2
사무처장,2
사업장,2
사업전략,2
사외이사,2
사장단,2
사장단회의(VCM),2
사전,2
사퇴하라”고,2
산물,2
산별노조,2
산업부,2
산업통상자원부,2
삼성중공업,2
상근,2
상대적,2
상반기,2
상징,2
상투,2
생각하느냐”고,2
생명,2
생방송,2
서거,2
서구문화원,2
서대문구,2
서대문형무소,2
서독,2
서명,2
서버,2
서울·경기,2
선배,2
선언문,2
선언서,2
선정,2
설명회,2
성균관대,2
성립,2
성명서,2
성숙한,2
성윤모,2
성인남녀,2
성장동력,2
성추행,2
세기,2
세상,2
세슘,2
세종,2
세종대로가,2
세종시에서,2
세종시의회,2
세코,2
셈법,2
소비자운동가들,2
소비재,2
소속감,2
소속사,2
소식,2
소작인들,2
소진,2
소폭,2
소프트뱅크,2
손해,2
송채경화,2
쇼핑몰,2
수구,2
수성구,2
수업시간,2
수입매장,2
수치,2
숙박,2
숙소,2
술,2
슈에무라,2
슈퍼마켓,2
스파(SPA),2
슬구,2
승객수,2
승리,2
시·군,2
시대,2
시민·사회·종교단체,2
시민의식,2
시민캠페인,2
식물,2
식품·의류,2
신성통상,2
신세,2
신세계,2
신용대출,2
신입생,2
신청,2
신협중앙회,2
실리적,2
실마리,2
실무협상,2
실시간,2
실장,2
십대,2
쌍둥이,2
아래,2
아모레퍼시픽,2
아베규탄시민행동(시민행동),2
아사카,2
아사히맥주,2
아쉬움,2
아시아나항공,2
아이돌,2
안갈,2
안병무홀,2
안보협력,2
안양역사점,2
안일함,2
안태근,2
않는’,2
압박,2
애국주의,2
애링턴,2
액세서리,2
야놀자,2
야당,2
양상,2
양승조,2
언론들,2
언론소비자주권행동(언소주),2
엄중,2
에반게리온>,2
에스케이투,2
에어버스330,2
에코크리에이티브협동과정,2
엔터식스,2
여건,2
여행객,2
역사교사,2
역사원정대’,2
역사책,2
연결,2
연구자,2
연기,2
연령층,2
연합,2
연합군사령부,2
연합뉴스,2
열악,2
"영덕,",2
영업활동,2
예능,2
오긍선,2
온라인몰,2
옷,2
완성차,2
완화,2
왜관면,2
외무성,2
외세,2
왼손,2
요구’,2
요시히데,2
요청,2
용서,2
용어,2
우,2
우리공화당,2
우익,2
우즈베키스탄,2
우천,2
운항할,2
원전,2
원주의료원,2
원주지역,2
원해”,2
웹페이지,2
위기’,2
위로금,2
위험지대,2
유감,2
유관순,2
유족들,2
유죄,2
유치,2
유학,2
유학생,2
육상자위대,2
윤상현,2
윤회,2
음악,2
음악감독,2
의대,2
의뢰,2
의류업체,2
의문,2
이강안,2
이내,2
이념적,2
이대식,2
이랜드,2
이랜드그룹,2
이랜드월드,2
이룩한,2
이어쓰,2
이월드,2
이유빈군,2
이장단,2
이주민,2
이태규,2
이행,2
이화,2
인구,2
인도네시아,2
"인도네시아,",2
인류,2
인류애,2
인물,2
인수,2
인용,2
인증,2
인지도,2
인천시의회,2
일반,2
일본맥주,2
일본업체,2
일본정부,2
일본정부관광국(JNTO),2
일생,2
일파만파,2
임대계약,2
임시,2
있다’,2
자기학대,2
자동차,2
자랑,2
자매도시,2
자세,2
자원봉사자,2
자유주의,2
자제,2
자존감,2
자존심,2
자하미술관,2
작품,2
잘못된,2
잠잠,2
장·차관,2
장군,2
장학금,2
장학생,2
재일동포,2
재특회,2
재현,2
쟁점,2
쟁취,2
저동항,2
저비용항공사,2
저서,2
저임금,2
적용,2
적절치,2
전교조,2
전국교수연구자협의회,2
전국택배연대노조,2
전문가들,2
전문점,2
전반,2
전봉준,2
전북겨레하,2
전북겨레하나,2
전북공무원노동조합협의회,2
전북공무원노조협의회,2
전시회,2
전재호,2
전주한옥마을,2
전체주의,2
전포동,2
전환,2
절충안,2
접경,2
정국,2
정답,2
정당,2
정론관,2
정봉주,2
정부위원회,2
정상,2
정서,2
정완석군,2
정의당,2
정인교,2
정치인들,2
제2,2
제기,2
제재,2
제휴,2
조명,2
조사해,2
조선중앙통신,2
조선학교,2
조약,2
조절,2
조직적,2
조처’,2
졸렬,2
졸업,2
종료’,2
종이,2
주간,2
주도하,2
주류,2
주십시오’라,2
주창,2
"중국,",2
중성,2
중소상인,2
중심’,2
중앙정부,2
중요하다”,2
중재,2
중학교,2
지방의회,2
지방자치단체,2
지배,2
지역아동센터,2
지원금,2
지인,2
지지난해,2
지탄,2
지향,2
직급명칭,2
직원들,2
직원협의회,2
직후,2
진보보수,2
진보적,2
진실,2
진출,2
집단,2
집행부,2
징수,2
징용피해자,2
차이,2
착수,2
참가단체들,2
참가자,2
참모진,2
참사,2
참여연대,2
참여전국,2
찻잔,2
창고형,2
창신대,2
찾아서’,2
채널,2
책임감,2
챌린지,2
천재일우,2
철학서,2
첫번,2
청구,2
청원인,2
체감,2
체온,2
체육계,2
체험,2
초호황,2
촉발,2
최고위원회의,2
최고임금,2
최고재무책임자,2
최명길,2
최상원,2
최재성,2
최현민씨(왼쪽),2
추가보복,2
추진위원회’,2
축,2
출연진,2
충남도지사,2
충북도청,2
취합,2
치밀,2
친일잔재,2
카드결제,2
카페,2
칸,2
칼,2
캠페인,2
캠프,2
커피,2
코피나’,2
쾌재,2
쿠바혁명,2
쿠폰,2
크레인,2
타깃,2
탄광,2
탄핵,2
태권브이’,2
태평로,2
태풍,2
태풍아님,2
택배회사,2
"텐데,",2
토시유키,2
토요일,2
통상정책,2
통치,2
퇴진운동,2
퇴출,2
투입,2
투자,2
트루먼,2
트위트,2
특별강연,2
특위,2
특임교수,2
특혜,2
티웨이항공,2
판매중지,2
패권주의,2
패널들,2
패싱’,2
패키지,2
페이,2
펜촉,2
"폄훼하고,",2
평등,2
평복,2
평창,2
평창올림픽,2
평화상,2
평화의소녀상,2
폐점,2
폐지,2
포장,2
폭발,2
폭언■,2
폭우,2
폴란드,2
품질,2
프로젝트’,2
피해액,2
필요성,2
하나쯤이야…’라,2
"하반기(16~30일,",2
학생회,2
학자,2
한국내,2
한국도로공사,2
한다”며,2
한목소리,2
한반도,2
한백교회,2
한복판,2
한정판,2
할인,2
합천지부,2
항공기,2
항공편,2
해결책,2
해명,2
해방대출’,2
해법’,2
해시태그(#),2
해양,2
핵,2
핵심소재,2
했다”고,2
행적,2
행정부,2
향토기업,2
허락,2
허화,2
헌화한,2
헬무트,2
헬스앤뷰티,2
혁신학교(다행복학교),2
현대백화점,2
현재,2
혐오적,2
형상화한,2
호시탐탐,2
호흡,2
홀딩스,2
홍성담,2
화답,2
화장품·가공식품,2
화학,2
화해’,2
확대간부회의,2
확보,2
확인,2
환불,2
활동,2
"황교안,",2
황당,2
회귀,2
회원사,2
흑자,2
흥미,2
희생,2
희화화,2
희화화할,2
#20세기?지성?한나?아렌트는?나치?전범인?아이히만이?재판에서?‘자신이?무슨?잘못을?했는지’?인식조차?못,1
#28,1
#46,1
#52,1
#개인적으로?일본의?보복,1
#한국?대법원의?일제?강제징용?배상?판결에?대한?일본,1
''김대중,1
-0.,1
-23.,1
-5.,1
10월27일부터,1
11월3,1
1시간,1
1인시위5,1
1천만원,1
1천여개,1
1천여명,1
2%·한국당,1
2001년?9월11일?인도를?순례,1
26.8,1
27.1,1
2·3호점,1
2명·사외이사,1
37.,1
3·1운동,1
"3·1운동,",1
3만여명,1
4%문재,1
43.3,1
48.3,1
4m가량,1
550억원,1
5차례,1
6월(61만1900명),1
6일(현지시각),1
"7%)하였고,",1
7%그래픽,1
7.6,1
7박8,1
7월1~20,1
7월29일부터,1
7월4,1
8개사,1
8개카드사,1
8월2,1
8월2일,1
9월6,1
<디에이치씨텔레비전>,1
<불교철학강의>(불광출판사,1
"OUT’,",1
[▶[생방송],1
[▶동영상,1
[▶한겨레,1
[한겨레],1
`성불산’,1
·1만6000원,1
‘#일본불매운동’,1
‘1919년,1
‘3·1운동,1
‘8월,1
‘가지,1
‘같,1
‘국기함,1
‘극우,1
‘노(NO)’라,1
‘디젤게이트’,1
‘미국인?33%가?100만명?이상의?사망자가?발생해도?미국이?북한을?핵무기로?선제공격하는?것을?지지하는?것으로?나타났다’는?소식입니,1
‘반사효과’,1
‘반일투쟁,1
‘백색국가’,1
‘보이콧,1
‘삿포로’·‘에비스’,1
‘선거,1
‘설전’민주당,1
‘소고기덮밥’으로지난달,1
‘신협,1
‘실종’…막말,1
‘아랍,1
‘에브리데,1
‘영상+’],1
‘예비역,1
‘오래전?일을?언제까지?계속?물고?늘어질,1
‘욱일기’,1
‘윤동주,1
‘일본규탄’세종시의회,1
‘일본대사관,1
‘일본식,1
‘일제日製),1
‘일제불매’,1
‘일제불매운동’,1
‘제복,1
‘주목’,1
‘지명,1
‘직원들,1
‘촛불’,1
"‘팔지도,",1
‘한국인,1
‘화이트리스트’(백색국가·수출심사,1
‘화이트리스트’(수출,1
“,1
“1762자,1
“‘친일기업’,1
“가짜뉴스,1
“갈등,1
“개·폐점,1
“경찰관,1
“과거사,1
“국민,1
“그동안,1
“내,1
“너희,1
“대한민국,1
“매우,1
“문재,1
“민간,1
“민족혼,1
“밀실,1
“밖,1
“반일감정,1
“방송,1
“부당한,1
“북,1
“사전,1
“시위,1
“안,1
“얼룩소,1
“여전히,1
“오래,1
“위기마다,1
“의병,1
“이것,1
“이미,1
“일본규탄”,1
“일본으로,1
“일본제품,1
“자유한국당,1
“장기적,1
“진심,1
“진열,1
“짐승,1
“최종적으로,1
“코피노,1
“한-,1
"“한-일,",1
“혁명정신,1
“현재,1
“현저하,1
“화이트리스트,1
”(잠깐,1
가르치고길거리,1
가속화,1
가시화,1
가칭,1
각국,1
간절기,1
간접적,1
강요,1
강점기,1
강제,1
개·돼지,1
개설,1
개입’이라,1
개입”,1
개정도부산,1
갤러리아타임월드,1
거리시위,1
건?아베의?극우적?행태가?아니라?일본?국민의?여론입니,1
검찰총장,1
것’이라고?답했다고?합니,1
것”정봉주,1
것”지난,1
것이냐’는?힐난,1
게시,1
게토,1
견적문,1
결산발표회,1
결연,1
경감,1
경계,1
경색,1
경제학부,1
경찰단체,1
계기수업,1
계승…전봉준,1
계약…계획대,1
고교생,1
고려해달라”고,1
고속도로휴게소,1
고윤결,1
공공운수노조,1
공무원·교사,1
공무출장,1
공유SNS,1
관광시장,1
관련한,1
관행적,1
광고기업,1
광고불매운동,1
광영중앙대,1
광주·전남,1
광주시교육청,1
광주제일고등학교,1
광주학생항일운동,1
교수(55),1
교육지원청,1
교육청,1
구다사,1
국난,1
국내외,1
국민가격’,1
국회의원’,1
군수’,1
군의회,1
군청,1
규탄대회원주시사회단체협의회,1
규탄집회언소주,1
그들은?‘미국이?세계?곳곳에서?사람?목숨을?파리처럼?여겼으니?자기들도?당해봐야?정신을?차린다’고?했습니,1
그래서?인류?성인들의?핵심?가르침은?‘내가?원치,1
그러나?과거의?잘못을?결코?인정하지,1
근간,1
급감,1
급락,1
급증(7월,1
기관,1
기념’,1
기본윤리,1
기분,1
기자들이마트,1
기자회견26,1
기자회견·캠페인…22,1
기자회견문,1
긴장,1
김선희(45)씨,1
김승미,1
김윤식,1
김종구편집,1
김포∼제주,1
김포공항,1
나라들,1
나만이?아닌?타인과?함께?살아가는?사회와?세상에서?‘사유한다’는?것은?무엇,1
나아가십시오”,1
나흘가량,1
나흘꼴,1
날까지”지난,1
내?목숨이?귀하면?그의?목숨도?소중하기?때문입니,1
내놨다,1
내용”,1
노동조합,1
노역,1
"누구나?다?고통을?싫어하고,?행복하기를?원하기?때문입니",1
눈총받고,1
뉴스9,1
뉴스룸톡:,1
다섯째주,1
다음주의,1
다짐,1
달성군,1
담당,1
닷새,1
닷새간,1
당당,1
당부김승환,1
당원교육장서,1
대구·경북,1
대구경북진보연대·대구경북주권연대,1
대구시,1
대립,1
대응계획25,1
대일교류,1
대전시민단체,1
대체품,1
대표(왼쪽),1
대표·회장·상무,1
대한국,1
대항,1
대환,1
"더렵혀졌으며,",1
도륙과?수탈을?당한?피해자로선?언제든?다시?돌아온?가해자가?휘두른?칼에?목숨을?잃을?수?있다는?두려움이?현존합니,1
도발”,1
도야,1
독립선언,1
돌입,1
동남아시아,1
동시,1
동참평화,1
돼”,1
되겠다”민주노총,1
된다”고,1
두달새,1
듯한?모습에?동의할?수?없었습니,1
등록’,1
등지,1
디에이치씨(DHC),1
딜러,1
때까지”경남,1
라이브｜뉴스,1
"랄라블라·롭스,",1
롯데관광·삼성화재·한화…“배임행위,1
롯데월드호텔,1
롯데제과·칠성음료·아사히주류,1
리?없습니,1
리뉴얼,1
마드리드,1
마쓰야마대학,1
마찬가지”,1
"맙시다’,",1
맛테,1
망각,1
매일홀딩스,1
매장들,1
매주,1
명단(화이트,1
명문장,1
명분,1
"모르지만,?임진왜란과?일제",1
모색,1
목록’,1
못해”,1
못했다”김선희(45)씨,1
무리,1
물론,1
미국발,1
미디어,1
미디어전망대,1
미디어전망대]“좃토,1
미사일·개각,1
미약,1
민간우호,1
민스크,1
민족자결,1
민족주의들-한국,1
민중연대,1
밑,1
바꾸자,1
바르샤바,1
바른미래당,1
반토막,1
발견,1
발급,1
발단,1
발매금지,1
발언대’,1
발원지,1
발표일본제품,1
"밤’,",1
밥상’,1
방식전북,1
방지,1
방콕,1
배경,1
배상판결,1
배정양승조,1
배제시,1
"백색국가(화이트리스트,",1
벌어져문재,1
범시민운동,1
벨라루스,1
변경하기로”,1
병풍,1
보도일본,1
보복을?잘한,1
보상전북,1
보성초,1
보은민들레희망연대,1
보은지역,1
보이콧’,1
복장”1,1
본격적,1
본회의장,1
봄’,1
부담”그래픽,1
부정,1
부정적”그래픽_김승미,1
부추,1
부화뇌동,1
불매”,1
불매운동·친일청산,1
불매운동’,1
불매운동부산,1
불문,1
불안”2,1
불참지난해,1
브랜드·관광지,1
브루어리스,1
비교해,1
비열한,1
비폭력·평화적,1
비하·역사,1
뿌리째,1
사거리~홈플러스,1
사과18,1
사과를”정상혁,1
사랑해요”,1
사연,1
사옥,1
사임,1
사자,1
사죄하라”고,1
사회관계망서비스(SNS),1
사회관계망서비스(SNS)에서,1
사흘,1
산적한,1
삼성전자·SK하이닉스·두산인프라코,1
삿포,1
상·하반기,1
상당하다”며,1
상영’,1
상자,1
상징성,1
상징의식,1
상품들,1
생산농민,1
생산농민들,1
서울관광재단,1
서울서,1
선언택배노동자들,1
선포’,1
설립,1
설화수,1
성과,1
성인용,1
"세븐일레븐,",1
세븐일레븐·훼미리마트,1
세종점’,1
센트럴병원,1
셋째주,1
소셜미디,1
소형,1
손색,1
손해”,1
수여식,1
수입업체,1
수지점·8월6,1
수출무역관리령,1
수출심사우대국,1
수출품,1
순경,1
순차,1
스페,1
습관,1
승용차,1
시민·노동·통일단체,1
"시민’으로서,",1
시위김선희(45)씨,1
시의원,1
시흥,1
신규등록,1
실력행사,1
실시,1
심각해져”,1
심화,1
싱크탱크,1
쏟아내“일본상품,1
쓰레기통,1
씨유,1
"씨유,",1
아동,1
아무리?히피적?성향의?젊은이들,1
아사히·기린·포카리스웨트,1
아세안지역안보포럼(ARF),1
안녕,1
안순억경기도교육연구원,1
안양시,1
안줘”,1
않고?단?한번도?제대로?사죄하지,1
않는다’,1
않습니다’라,1
않은?데에서?기회가?되면?언제든?다시?칼을?휘두르겠다는?속마음이?보여서?그런,1
애국운동,1
앵무새…공개,1
양국관계,1
어느?누구도?과거에?묶여?살기를?원하지,1
"언소주,",1
언행,1
얻어야”,1
없다’,1
"에어서울,",1
에프아르엘(FRL)코리아,1
"엠즈베버리지,",1
여론조사에서?일본인?56%가?‘경제,1
역사는?현재이자?미래이기?때문입니,1
연기하기,1
연령·일정,1
연상시킨다”,1
연유,1
연합뉴스일본,1
연행,1
열려강상중,1
열리,1
엽연초,1
영문,1
영상의학팀장,1
영상콘텐츠,1
영역,1
영향…감소폭,1
예약률,1
예의,1
예측,1
옛소련,1
오가야”서울,1
오늘(30일),1
오늘날,1
오만방자,1
왜곡”이라,1
외교통일위원회,1
외면,1
요구김창규,1
용납,1
우리의?목숨도?니치렌이?제외한?목숨,1
우방국,1
운동’,1
운동까지20,1
울산,1
"울산,",1
워크숍,1
원주,1
유대,1
유럽의?젊은이들이?많이?모여든?곳이었습니,1
유아,1
유예해야”,1
유튜버·유학생,1
유튜버들,1
유학생들,1
윤석열,1
은근한,1
은평구,1
을사늑약,1
이?가운데는?개인적으론?너무도?친철한?내?일본의?친구들도?섞여?있을?것입니,1
이깁시다’,1
이날?테러로?2996명이?사망하고?6천여명이?부상을?당했습니,1
이념·정파,1
이미,1
이바지하,1
이사회,1
이용자,1
이웃나라,1
이토,1
인도,1
인도주의,1
인사말,1
인스타,1
인터넷커뮤니티,1
일관,1
일괄,1
일괄개정안’,1
일본강점기,1
일본경제침략대책특별위,1
일본계,1
일본에선?‘힘센?놈이?장땡’이라는?사무라이를?찬양할?수?있을지,1
일본의?대성인?니치렌은?‘하루의?목숨은?전?우주의?재물보다?낫다’고,1
일본차들,1
일인가?하고?텔레비전을?보니?뉴욕의?110층짜리?세계무역센터?쌍둥이빌딩이?불타고?있었습니,1
일제(日帝)로,1
임명장,1
임원들,1
임원진,1
입각,1
입법,1
잇겠다”광주,1
있다”,1
자동차·전자·의류·화장품,1
자사고·특목고,1
자성,1
자유무역,1
자제해,1
자제해달라,1
자주독립,1
자행,1
작곡가,1
작성독립선언서,1
작품전전국,1
잠실,1
장기화,1
장수군지부,1
장정욱일본,1
재개,1
재침략,1
"재팬,",1
저러,1
적나라전국택배연대노동조합,1
적반하장,1
적어지난달,1
전개18,1
전개방법,1
전국공무원노조,1
전국민적,1
전국민주노동조합총연맹,1
전국택배노조,1
전략국제문제연구소,1
전략국제문제연구소(CSIS),1
전망,1
전면적,1
전문,1
전문가,1
전범기,1
전북교육청,1
전시대,1
전업계,1
전원,1
전자랜드,1
전직원,1
전체회의,1
전통,1
정기구독,1
정당들,1
정당한,1
정범래(54),1
정부의?보복에서?가장?마음?아픈,1
정비,1
정상근무,1
정왕역,1
정의”,1
정정,1
제2차,1
제공까지”,1
제공한국,1
제막,1
제시,1
제안황교안,1
제주,1
제지,1
제품들,1
제품명,1
제품목록,1
조소영,1
조짐,1
조처보다?더?놀란,1
조회수,1
종로3가점·월계점,1
주길,1
주도구상,1
주말새,1
주사,1
주요관광지,1
주일대사,1
주장”,1
주춤,1
죽는?사람이?누구라도?마찬가지입니,1
줄어”,1
줄어중소상인,1
줄었다”,1
중국·동남아,1
중국취항,1
중금리,1
중단영월군청,1
중소상공인·시민단체,1
중심지,1
중앙사거리,1
중일?때입니,1
중하순,1
즉각,1
증폭,1
지난주,1
지난주(12~17일),1
지도,1
지도부,1
지면,1
지방정부·시민단체,1
지부,1
지유(GU),1
"지유,",1
지유쪽,1
지주,1
직간접적,1
직속,1
직장,1
질문아베규탄시민행동,1
집무실,1
차단디에이치시(DHC),1
차례,1
참여·공유,1
창궐,1
창원,1
"창원·거창·산청·합천,",1
창원지부,1
찾자”,1
처음경남,1
천명,1
철회23,1
첫주,1
청,1
청소년평화교류,1
체육단체,1
초등,1
초원,1
초저,1
"초치,",1
촉구’,1
촉구부산민예총,1
촉구서명운동도혁신학교(다행복학교),1
촉구충북,1
최고금리,1
최민희·김현,1
최소화하기,1
추념비,1
추모강연,1
추산,1
추진”,1
추진경남지역공무원노동조합협의회,1
출국,1
충남,1
충남도,1
충남도청,1
취소했다”고,1
취재진,1
측,1
치과병원,1
친구·음식·고궁,1
친절,1
친정부,1
칠곡역,1
침탈,1
카드매출,1
코피나(KOPINA)’,1
타인의?고통에?대한?인식입니,1
타임스퀘어점,1
탈피,1
택배연대,1
"택배연대노조·택배노조,",1
텔레비전을?보던?수십명이?갑자기?환호성을?지르며?옥상으로?올라가더니?폭죽을?터트렸습니,1
토착왜구,1
통일시켜”,1
퇴출하기,1
튀니지·이집트,1
특성,1
특위위원장,1
펀딩’,1
폄훼도정의당,1
평,1
평가,1
평민,1
평화교류단,1
평화나비대전행동,1
폭,1
표시,1
풀이편의점,1
플래시몹,1
피로’,1
피해기업위해,1
필사본,1
하계휴가,1
하고?있음을?보면서?“악의?원인을?사유하지?않음”이라고?결론지었습니,1
하더라도?사람이?죽어가는?모습을?보며?마치?승전가를?부르,1
학생·시민들,1
한·일경제전쟁,1
한국동참,1
한국수입자동차협회,1
한달새,1
한옥마을,1
"한일군사협정’,",1
합의해야…,1
합천읍내,1
항공·여행,1
항일지사들,1
해”,1
해법'',1
행각,1
헬스앤뷰티(H&B),1
혁신,1
현관,1
현상,1
현안보고,1
현황,1
홍창성,1
화이트국,1
화이트리스트(수출,1
화이트리스트(수출절차,1
확정”,1
환담,1
환불수수료,1
활용”,1
"회귀’,",1
회피,1
후손,1
희화화”,1
히로부미,1
