keys,values
한국,473
정부,427
아베,245
제품,184
문제,163
서울,130
경제,95
기업,95
수출규제,81
국민,75
정권,74
비판,74
경제보복,74
역사,69
국내,68
시민들,67
미국,64
총리,64
운동,62
규탄,62
매출,61
발언,61
맥주,60
일본제품,58
대응,57
수출,56
노선,53
판결,52
시작,50
관계자,50
지난해,49
감소,49
지난달,48
일본,48
기자회견,48
유니클로,48
여행,47
관계,47
영향,47
브랜드,46
대통령,45
중단,44
주장,43
판매,42
한국,0
뉴스,42
일제,41
교수,40
취소,40
상품,38
시민,37
발표,36
제외,36
의원,35
오후,35
종로구,34
해결,33
상황,33
한국콜마,32
규제,32
오전,31
대법원,31
기간,30
대상,30
일부,30
요구,30
강제징용,29
전쟁,29
광복절,29
조치,29
일본대사관,29
수입,29
청와대,28
대비,28
원내대표,28
철회,28
사과,28
일본산,28
필요,28
확산,27
보도,27
대표,27
한국인,26
반도체,26
과거,26
내용,26
화이트리스트,25
일본군,25
장관,25
회장,25
여론,25
반대,24
품목,24
학생들,24
중구,24
결정,23
편의점,23
이유,22
배상,22
보복,22
일본인,21
분석,21
사태,21
국가,21
위안부,21
시장,21
전체,20
금지,20
양국,20
논란,20
중요,20
정치적,20
평화,20
참석,20
지원,20
검토,19
문재인,19
정치,19
설치,19
배제,19
자신,19
할머니,19
계획,19
예정,19
침략,19
소녀상,19
문구,19
전시,19
거부,19
자유한국당,19
국회,19
결과,19
사용,18
조국,18
온라인,18
나라,18
응답,18
선언,18
입장,18
3,17
국민들,17
세계,17
사건,17
일본차,17
조사,17
광고,17
행사,17
비중,16
효과,16
피해자,16
언론,16
경련,16
기사,16
지적,16
식민지배,16
영화,16
구매,15
추진,15
중소기업,15
목소리,15
매장,15
행동,15
신규,15
과거사,15
강제동원,14
시민단체,14
인정,14
동기,14
방송,14
이야기,14
의미,14
신문,14
소재,14
주요,14
경찰,14
동참,14
판단,14
사실,14
예약,13
자발적,13
중심,13
증가,13
가치,13
6,13
지역,13
화장품,13
경기,13
북한,13
기록,13
현장,13
진행,12
경제침략,12
강화,12
민족주의,12
소개,12
하락,12
운영,12
배송,12
출시,12
소비자들,12
비난,12
체제,12
생산,12
설명,12
무엇,12
태극기,12
공연,11
삼성,11
수요,11
학생,11
식민지,11
악화,11
대기업,11
패스트리테일링,11
전국,11
헌법,11
방문,11
계약,10
촉구,10
민주노총,10
우리나라,10
업체,10
더불어민주당,10
확대,10
손팻말,10
일제강점기,10
변호사,10
촛불집회,10
회사,10
교류,10
베트남,10
소비자,10
타격,10
해법,10
사회,10
무역보복,10
의견,10
피해,10
대화,10
전범기업,10
아이들,10
학교,10
집회,10
수준,10
개인,9
항의,9
단체,9
프랑스,9
전년,9
외교부,9
청구권,9
친구,9
독,9
모습,9
스티커,9
7,9
감소폭,9
안보,9
조례,9
선거,9
기업들,9
사이트,9
행위,9
분노,9
트위터,9
핵심,9
소속,9
연대,9
일본행,9
주제,9
충북,9
이미지,9
경제전쟁,9
동아시아,8
정보,8
제안,8
집계,8
일본인들,8
반면,8
트럼프,8
여성,8
개발,8
황교안,8
시위,8
2,8
티셔츠,8
지분,8
주최,8
리얼미터,8
도쿄,8
개봉,8
우려,8
왜곡,8
사진,8
자금,8
재팬’,8
예상,8
분위기,8
한국당,8
방안,8
민주당,8
다음달,7
질문,7
노동자,7
커뮤니티,7
사과문,7
수입액,7
전략,7
대한민국,7
중고차,7
신조,7
자리,7
경제적,7
가능성,7
영상,7
협력,7
이익,7
사업,7
반성,7
재팬,7
금리,7
과정,7
준비,7
위원장,7
인기,7
시민사회,7
주문,7
규모,7
점포,7
포함,7
경쟁력,7
재배,7
가능,7
공격,7
4,7
보수,7
목표,7
조례안,7
투표,7
허가,6
잔재,6
고통,6
주민소환,6
인간,6
상태,6
참가,6
활용,6
나경원,6
할머니들,6
절차,6
사람들,6
국산화,6
출신,6
연장,6
성명,6
외교,6
작가,6
아시아,6
공무원,6
소비,6
양,6
반발,6
특정,6
제공,6
플래카드,6
이달,6
올해,6
취지,6
혐한,6
나가미네,6
마케팅,6
문화,6
미·중,6
반응,6
막말,6
위협,6
촛불,6
100주년,6
이름,6
매출액,6
예약자,6
대출,6
인터뷰,6
수입차,6
산업,6
미래,5
제한,5
아베규탄,5
첫,5
아베정권,5
없다”고,5
계기,5
신용카드,5
영국,5
대통령의,5
금융지원,5
지지율,5
외교적,5
소송,5
연속,5
정상혁,5
결의안,5
점유율,5
채택,5
사랑,5
페이스북,5
유통,5
0,5
참가자들,5
찬성,5
성노예,5
콘텐츠,5
중구청,5
수출액,5
내부,5
볼펜,5
단위,5
로고,5
체결,5
영사관,5
긴급,5
혐오,5
무역,5
회의,5
시간,5
선택,5
민주주의,5
정의,5
차관,5
기존,5
임원,5
방사능,5
여론조사,5
전개,5
동요,5
인터넷,5
있다”며,5
기준,5
우대국,5
예술,5
휴가,5
전범,5
경제동우회,5
정기,5
공개,5
릴레이,5
표현,5
전달,5
유튜브,5
“아베,5
강조,5
의원들,5
감정,4
인천,4
일본콜마,4
이해,4
현안,4
협정,4
건립,4
합의,4
청소년교육의회,4
기자간담회,4
회담,4
말씀,4
국제,4
곳곳,4
호소,4
정책,4
군국주의,4
여파,4
종료,4
민간,4
토론회,4
쿠팡,4
집중,4
협상,4
정상화,4
원주시,4
강경화,4
차량,4
범도민위원회,4
개정,4
역사적,4
프레임,4
고개,4
목록,4
미,4
광장,4
부회장,4
발생,4
한편,4
민족,4
항공사들,4
청소년들,4
의회,4
조례안’,4
자료,4
공식,4
비롯,4
오사카,4
추구,4
이슈,4
대사,4
지방정부,4
공동,4
관세청,4
투쟁,4
국회의원,4
언소주,4
택배노동자,4
통계,4
관련해,4
저녁,4
독립,4
삶,4
변화,4
차원,4
분쟁,4
경남도청,4
프레스센터,4
임시정부,4
고노,4
선임기자,4
한국인들,4
무역전쟁,4
신뢰,4
계열사,4
청산,4
소녀상’,4
기념사업,4
광화문,4
조선인,4
와중,4
진정한,4
기회,4
수입맥주,4
평화헌법,4
판매량,4
카드사,4
대강당,4
’,4
만화,4
취항,4
아사히,4
고객,4
파장,4
콘서트,4
인권,4
사법부,4
빌미,4
마지막,3
추이,3
8,3
계산,3
끝,3
여의,3
광복회,3
범죄,3
‘NO,3
택배,3
응답자,3
노출,3
외무상,3
방침,3
가맹점,3
교체,3
롯데그룹,3
발의,3
실천,3
사죄·배상,3
기업’,3
일본대사,3
제목,3
의사,3
자유,3
원인,3
사쿠라,3
달성,3
홈플러스,3
임시회,3
이주민들,3
냉정,3
공감,3
바란다”고,3
평균,3
외교장관,3
일장기,3
애국,3
서비스,3
고민,3
일정,3
직원,3
쇼핑,3
한반,3
도발,3
국제사회,3
정체성,3
자국,3
기억,3
희생자,3
의도,3
상승세,3
내곡동,3
3개월,3
“불매운동,3
성장,3
13.,3
평화위협,3
장소,3
세븐일레븐,3
어려움,3
허용,3
망언,3
주민,3
위반,3
주전장,3
피해자들,3
롯데,3
연주자,3
성찰,3
식당,3
구호,3
항공업계,3
변경,3
조선,3
담배,3
지소미아,3
제정,3
매체,3
당부,3
게시판,3
실패,3
해당,3
운항,3
서초구,3
경남도의회,3
항공권,3
대표간사,3
전략물자,3
유명,3
민정수석,3
시민단체들,3
정상회의,3
퇴진,3
풀이,3
수의계약,3
장비,3
적극적,3
소멸,3
급감한,3
사설,3
연휴,3
자유발언,3
3.,3
기술,3
청사,3
정책금융기관,3
코피,3
청구권협정,3
물의,3
현수막,3
피해기업,3
질서,3
혼다,3
정치권,3
소재·부품·장비,3
개정안,3
조롱,3
참의원,3
국산,3
독자들,3
태도,3
보복적,3
애니메이션,3
의류,3
행진,3
기자들,3
대전,3
현실,3
법,3
동남아,3
팀,3
소식,2
전환,2
방법,2
촉발,2
자사,2
세종,2
주도하,2
손님,2
한다”며,2
냉전,2
대형마트,2
관객,2
“일본정부,2
본국,2
진실,2
“제,2
음악,2
청구,2
담론,2
여행객,2
제재,2
리스트,2
망상,2
종,2
지향,2
고교,2
불안,2
확인,2
이화,2
세상,2
문화제’,2
수수료,2
우,2
현재,2
발전,2
위원,2
언론들,2
부당한,2
‘노노재팬’,2
예능,2
캠페인,2
홍보,2
판매중지,2
박스,2
지인,2
관점,2
누리꾼들,2
맛,2
역할,2
최재성,2
택배노동자들,2
강구,2
시중은행,2
그걸,2
카드,2
마음,2
의뢰,2
적용,2
프로그램,2
전국택배노동조합,2
대응책,2
일본어판,2
공급,2
실물경제,2
도시,2
답변,2
대한항공,2
회복,2
결의,2
아모레퍼시픽,2
패키지,2
주재,2
권력,2
의지,2
폐지,2
한글,2
상징,2
모나미,2
강원,2
노조,2
한달,2
근본적,2
지배,2
교육감,2
일대,2
부평공원,2
작품,2
무역분쟁,2
주류,2
‘한국,0
진출,2
품질,2
비슷,2
규정,2
수요시위,2
특위,2
자존심,2
판결문,2
강력,2
‘평화,2
권리,2
교섭,2
집단,2
인용,2
관리,2
한일,2
분야,2
회원사,2
가평,2
외부,2
것’,2
카페,2
시도,2
제1399차,2
윤증현,2
저항,2
연결,2
소비자운동,2
서대문구,2
마련,2
맞대응,2
74주년,2
우익,2
반일감정,2
만행,2
이념,2
“(일본,2
조세영,2
9개월,2
손해배상,2
상정,2
관광지,2
감사,2
방해,2
노력,2
인물,2
자세,2
제국주의,2
외국,2
명칭,2
최고치,2
딜러들,2
외무성,2
2.,2
번역,2
도쿄올림픽,2
자영업자들,2
대학생들,2
한반도,2
13.6,2
해시태그,2
‘언론,2
시대,2
회원들,2
지하철,2
관객들,2
승리,2
실장,2
태풍,2
국제법,2
부진,2
자동차,2
조성,2
상담,2
대표단,2
0.,2
기자,2
펼침막,2
격차,2
남동구,2
일본맥주,2
수치,2
디자인,2
챌린지’,2
소,2
일본정부,2
브리핑,2
욱일기,2
다수,2
‘국정농단’,2
상반기,2
여당,2
광주,2
공공구매,2
조약,2
술,2
직원들,2
결제,2
일반,2
요청,2
해명,2
윤동한,2
사장단,2
쟁취,2
기본권,2
핵,2
활동,2
소리,2
“정치적,2
포기,2
마트,2
압박,2
기자회견’,2
원주지역,2
경영,2
광화문광장,2
배우,2
정리,2
유동성,2
관심,2
교가,2
춘천시청,2
렉서스,2
유감,2
한국중소상인자영업자총연합회,2
규탄대회’,2
보이콧,2
인증,2
있다’,2
해결책,2
세종시의회,2
회원,2
게시물,2
쟁점,2
걱정,2
부착,2
아래,2
유관순,2
성노예제,2
체험,2
배포,2
중소상인,2
석유화학,2
대책,2
손해,2
가입,2
도쿄대,2
산업부,2
양상,2
사장,2
캠프,2
넷째,2
구상,2
한목소리,2
투입,2
충북도청,2
전문가들,2
잘못된,2
구체적,2
‘일본제품,2
중기중앙회,2
처음,2
권태,2
검색,2
닛산,2
자제,2
방식,2
마찬가지,2
무기,2
“노,2
했다”고,2
법원,2
주간,2
한국도로공사,2
가족,2
관광객,2
글로벌,2
지방의회,2
칼,2
도움,2
9,2
문의,2
야당,2
행태,2
5,2
경매,2
채널,2
투자,2
인천지역,2
할인,2
감소율,2
아쉬움,2
규탄대회,2
연기,2
1.,2
기반,2
인증사진,2
쇼핑몰,2
손실,2
불매,2
정서,2
반민특위,2
핵심소재,2
밖,2
임명장,1
장기,1
현황,1
검사,1
“이미,1
조처,1
7월18,1
출연,1
역풍,1
3·1운동,1
전체회의,1
측,1
동남아시아,1
불매운동’,1
즉각,1
화이트리스트(수출절차,1
일관,1
보이콧’,1
재개,1
전국택배연대노동조합,1
8개월,1
교민회,1
본격적,1
이용자,1
연행,1
자행,1
겐고,1
후손,1
정당,1
외교통일위원회,1
사장단회의,1
행정안전부,1
작곡가,1
직장,1
서양호,1
도입,1
친일,1
연합뉴스일본,1
황당,1
쌍둥이,1
유학,1
구입,1
보은지역,1
이것,1
입각,1
수여식,1
주민들,1
인천행동’,1
산물,1
차이,1
기분,1
전주,1
충남,1
7.,1
싱크탱크,1
희생,1
참석자들,1
차례,1
표본오차,1
미디어,1
강제,1
정당한,1
닷새간,1
전국적,1
정의당,1
일본총영사관,1
전범기,1
바른미래당,1
수출품,1
무릎,1
소속사,1
청,1
42.,1
경색,1
부활,1
강요,1
딜러,1
40.,1
사흘,1
대한국,1
국민주권실현,1
지난주,1
제시,1
퇴출,1
“국민,1
산업통상자원부,1
발견,1
제지,1
시민사회단체들,1
데이터,1
지방자치단체,1
정치인들,1
“,1
성명서,1
하반기,1
윤석열,1
청년,1
소매점,1
7%포인트,1
언론소비자주권행동(언소주),1
“자유한국당,1
시민사회단체,1
슈퍼마켓,1
다양한,1
근간,1
‘보이콧,1
수출무역관리령,1
롯데마트,1
“그동안,1
감소세,1
사자,1
상자,1
급감,1
5차례,1
인사말,1
광덕고,1
전문가,1
“오래,1
낮,1
대일본,1
평,1
동상,1
돌입,1
기관,1
적폐청산,1
#좋아요_한국,0
은평구,1
성향,1
실시,1
온라인몰,1
금융애,1
학생회,1
주목,1
일본계,1
나라들,1
설명회,1
평가,1
취재진,1
보은민들레희망연대,1
중구청장,1
“민간,1
입장문,1
오프라,1
런던,1
‘역사,1
대구시,1
은행권,1
주사,1
갈무리,1
영역,1
반복,1
아베’,1
식민,1
직후,1
오늘날,1
청년들,1
지정,1
명분,1
관계자들,1
대립,1
7월1~20,1
13개국,1
‘불매운동’,1
한국수입자동차협회,1
전망,1
게시,1
사과’,1
간다”,1
결정한,1
헌화한,1
상품들,1
혁신,1
범국민,1
“화이트리스트,1
“현재,1
승용차,1
등지,1
동구,1
2%포인트,1
부정,1
지도부,1
결,1
퍼포먼스,1
조회수,1
혐의,1
제기,1
대체품,1
의식,1
